source,paradigm,is_cube,session_id,mean_likelihood,interp_rate,mean_velocity_px_s,std_velocity_px_s,cv_velocity,mean_jitter,pos_std_x,pos_std_y,bbox_area
bsoid_demo,open_field,False,raw_clip1DLC_resnet50_OpenFieldHighResApr8shuffle1_1030000,0.9770464455290844,0.016874999999999998,92.3660476002557,181.34314883099464,2.025765260081625,2.3983125038063924,234.1149366963032,163.16526969604362,521514.94468910404
bsoid_demo,open_field,False,raw_clip2DLC_resnet50_OpenFieldHighResApr8shuffle1_1030000,0.9114211010527381,0.07516203703703704,80.9698392388578,175.4517152364326,2.2212438095980516,3.2045423434626277,278.58323069014233,187.538499010848,506039.83420257334
patterns2025_batch1,novel_object,False,new_Trial     1DLC_resnet50_NORT-topdownMar1shuffle1_100000,0.9980976307644699,0.0,110.32894705815534,88.39694939738278,0.8093153950813359,1.2926779380853346,143.94825300899598,143.2389254561891,213907.63656708927
patterns2025_batch1,novel_object,False,new_Trial     2DLC_resnet50_NORT-topdownMar1shuffle1_100000,0.998220332904578,0.0,75.8626383121324,78.0530608000992,1.0391847789093551,0.9603972812569403,129.67551874733647,132.4376228699654,205008.47463996138
patterns2025_batch1,novel_object,False,new_Trial     3DLC_resnet50_NORT-topdownMar1shuffle1_100000,0.9972409674189044,2.4367510797853222e-05,93.03150747561499,78.3108084261993,0.8498427104216073,1.1709917667913403,121.10506985592052,124.97431972662939,202434.58910841745
patterns2025_batch1,novel_object,False,new_Trial     4DLC_resnet50_NORT-topdownMar1shuffle1_100000,0.9982905597111895,0.0,91.51068697323471,88.0299519676649,0.9706135214232787,1.0590804103917055,143.01884378213825,133.5972488031006,202565.567493519
patterns2025_batch1,novel_object,False,new_Trial     5DLC_resnet50_NORT-topdownMar1shuffle1_100000,0.997442619342694,6.061010127947924e-06,118.8747076328289,98.2386430392824,0.8320690206453615,1.2985737761323084,148.94731831791455,150.87576621400274,203953.66371219323
patterns2025_batch1,novel_object,False,new_Trial     6DLC_resnet50_NORT-topdownMar1shuffle1_100000,0.9864880182143447,0.011212868736703659,97.88560238616382,98.37491694318602,1.0173487092261997,1.1578010748328007,154.77423025989276,149.8298928141102,205956.21680331396
patterns2025_batch1,novel_object,False,new_Trial     7DLC_resnet50_NORT-topdownMar1shuffle1_100000,0.9983661868723831,0.0,95.62923514661355,83.68602817087198,0.8886948393285276,1.1321830681790626,130.32061698715694,139.91432222535437,202909.91873372727
patterns2025_batch1,novel_object,False,new_Trial     8DLC_resnet50_NORT-topdownMar1shuffle1_100000,0.9979831143093847,0.0,100.38563932267003,94.03530192649377,0.9460110133138865,1.1077040694758047,145.02840424468116,144.62552473766888,213247.38193847044
patterns2025_batch1,novel_object,False,new_Trial     9DLC_resnet50_NORT-topdownMar1shuffle1_100000,0.9981496055483308,0.0,63.361106659504145,76.72434972495172,1.2236260338498381,0.7931264748214182,142.58737002750556,131.64910900087358,202989.6988755974
patterns2025_batch1,novel_object,False,new_Trial    10DLC_resnet50_NORT-topdownMar1shuffle1_100000,0.9981866030828584,0.0,72.10250356946152,74.11221622972319,1.0437555461527892,0.9192304057862511,145.52389816592174,131.21456156365429,203388.67626591388
patterns2025_batch1,novel_object,False,new_Trial    11DLC_resnet50_NORT-topdownMar1shuffle1_100000,0.9983994291522542,0.0,88.10079484507088,88.00188691127036,1.0116828689417965,1.016179282501569,143.61098736895966,120.3787170234933,200844.6220207197
patterns2025_batch1,novel_object,False,new_Trial    12DLC_resnet50_NORT-topdownMar1shuffle1_100000,0.9870931626395304,0.01135833297977441,134.0747499982429,106.84902327293129,0.8026499569963228,1.4108006593557976,148.69090752412717,143.6588581618258,240819.90131434676
patterns2025_batch1,novel_object,False,new_Trial    13DLC_resnet50_NORT-topdownMar1shuffle1_100000,0.9973365436235528,0.0008364193976568134,81.88864474520692,87.5587430417402,1.0795035633618404,1.0036890939809269,122.35107009929594,116.43806195259367,202267.49618471914
patterns2025_batch1,novel_object,False,new_Trial    14DLC_resnet50_NORT-topdownMar1shuffle1_100000,0.9953453673342882,0.002200146676445096,74.04736489932294,89.15517891606902,1.2160465685928268,0.8755746102010465,119.89236587049994,115.39988444840604,206496.8642592776
patterns2025_batch1,novel_object,False,new_Trial    15DLC_resnet50_NORT-topdownMar1shuffle1_100000,0.9980829455191138,0.0,119.74745631647706,106.36530116169602,0.895506683174736,1.250933311084938,141.44458899091876,134.24230293376445,210911.04056971864
patterns2025_batch1,novel_object,False,new_Trial    16DLC_resnet50_NORT-topdownMar1shuffle1_100000,0.996480649388274,6.70331143584931e-05,60.327993067398204,65.84096699031157,1.1054282553787143,0.8183469027330937,96.27062933357725,94.17447415524144,181176.01954963108
patterns2025_batch1,novel_object,False,new_Trial    17DLC_resnet50_NORT-topdownMar1shuffle1_100000,0.9955026740848173,4.269177756364124e-05,45.552897365830184,61.40884068170912,1.3641922114487395,0.6634765459201805,117.25455634786299,112.46681150294681,181282.363527287
patterns2025_batch1,novel_object,False,new_Trial    18DLC_resnet50_NORT-topdownMar1shuffle1_100000,0.9979424360136893,0.0,63.69581013903484,69.55985295743932,1.1057769898723597,0.7797946164208294,156.39493390279367,141.5744673162813,191770.63050485894
patterns2025_batch1,novel_object,False,new_Trial    19DLC_resnet50_NORT-topdownMar1shuffle1_100000,0.9959129076488066,0.0019395232409433359,89.18218677797131,107.75693929407682,1.2213280982346295,0.9971869982814461,124.08094480341933,124.2701775137719,213032.6024067998
patterns2025_batch1,novel_object,False,new_Trial    20DLC_resnet50_NORT-topdownMar1shuffle1_100000,0.9984849373253895,0.0,63.55426614847659,80.51580623650092,1.283764045224715,0.7933341226784808,127.03420213464561,124.57186850589932,194716.2467663333
patterns2025_batch1,novel_object,False,new_Trial    21DLC_resnet50_NORT-topdownMar1shuffle1_100000,0.9978364278829531,6.10989252699045e-06,70.12068626161035,81.42456271033465,1.1767637013909782,0.8312991192990693,126.42350943669813,144.39600481375098,197350.40174350262
patterns2025_batch1,novel_object,False,new_Trial    22DLC_resnet50_NORT-topdownMar1shuffle1_100000,0.9977026053361655,3.6431642095548054e-05,78.54956758223828,92.19881575033304,1.1912839226181213,0.9418236085754708,158.24103552639443,150.14645740041635,205942.66705461685
patterns2025_batch2,novel_object,False,new_Trial     1DLC_resnet50_NORT-topdownMar1shuffle1_100000,0.9919184592426329,0.00015160611518426207,77.43381691467337,81.9680183796175,1.0780300819400745,1.1573918361922149,134.59646884654515,145.19516877315306,206241.66858335194
patterns2025_batch2,novel_object,False,new_Trial     2DLC_resnet50_NORT-topdownMar1shuffle1_100000,0.9870272374924501,0.0013775053378331842,64.71818039604766,73.4177520812771,1.159702892574973,1.0775480324168503,134.34305678062637,117.61135859861857,202457.0620288822
patterns2025_batch2,novel_object,False,new_Trial     3DLC_resnet50_NORT-topdownMar1shuffle1_100000,0.99311049942381,8.766546857192952e-05,57.55390503935532,66.52110450195867,1.179418873369523,0.9489730830265967,114.75248335089937,131.5858453063363,206871.49830016677
patterns2025_batch2,novel_object,False,new_Trial     4DLC_resnet50_NORT-topdownMar1shuffle1_100000,0.9975065887205915,1.879970171139951e-05,69.2707147964677,70.2222305789648,1.033478276509456,0.9854272654008629,139.07428071483108,134.2464418237817,202156.3452499144
patterns2025_batch2,novel_object,False,new_Trial     5DLC_resnet50_NORT-topdownMar1shuffle1_100000,0.9981750998155223,0.0,86.67242560680289,87.73800383801117,1.0319382730584887,1.0856357273537038,137.51392911672426,141.49968808028547,205212.4663218202
patterns2025_batch2,novel_object,False,new_Trial     6DLC_resnet50_NORT-topdownMar1shuffle1_100000,0.9978081641399807,0.0,104.24768941356247,88.94404300853436,0.8657739768954457,1.2626718223999478,141.0782572333723,137.72696807288975,205382.74189473985
patterns2025_batch2,novel_object,False,new_Trial     7DLC_resnet50_NORT-topdownMar1shuffle1_100000,0.9971904343574984,0.0,79.53258051622511,72.69646567630336,0.9269994966908244,1.0118792487794825,137.75323354422227,126.19520252546518,197579.62317730254
patterns2025_batch2,novel_object,False,new_Trial     8DLC_resnet50_NORT-topdownMar1shuffle1_100000,0.9965941049606443,0.00017833752529010597,91.2156730056672,81.78506851971828,0.9079097736762585,1.1274597112864702,131.86275319910268,133.77375894901965,198490.31158465333
patterns2025_batch2,novel_object,False,new_Trial     9DLC_resnet50_NORT-topdownMar1shuffle1_100000,0.997854678866862,0.0,72.28009304901524,72.2941887010023,1.0163177372272318,0.9338754876696015,134.73889451592643,136.11040021443475,199323.19463909595
patterns2025_batch2,novel_object,False,new_Trial    10DLC_resnet50_NORT-topdownMar1shuffle1_100000,0.9974970980922048,0.000169115712728776,79.84998362116578,78.44551669912306,0.9982859335536506,1.0210509266206442,143.17173938665798,136.22354525090213,200554.13446671478
patterns2025_batch2,novel_object,False,new_Trial    11DLC_resnet50_NORT-topdownMar1shuffle1_100000,0.9976568441831496,0.0,110.66586002005366,91.9930138673189,0.8422613049181421,1.276782977437011,134.27021600785267,127.8963294201676,197887.99728355856
patterns2025_batch2,novel_object,False,new_Trial    12DLC_resnet50_NORT-topdownMar1shuffle1_100000,0.9978842406274826,1.8763486255746317e-05,103.97225295651187,94.15569451829919,0.9164802141884018,1.2322609994296334,128.37304306739682,126.78139116006979,200752.0411622883
patterns2025_batch2,novel_object,False,new_Trial    13DLC_resnet50_NORT-topdownMar1shuffle1_100000,0.9973799791897163,2.5040377608894342e-05,115.11203800359098,103.11224554234121,0.9053425750213979,1.2627937911980096,127.84164654758318,128.095404405149,201489.46062382738
patterns2025_batch2,novel_object,False,new_Trial    14DLC_resnet50_NORT-topdownMar1shuffle1_100000,0.9978564461252346,0.0,88.11759630302502,80.05606843759072,0.9175411474421218,1.0661097231977226,143.96218126761286,134.31484211466565,201186.21980068638
patterns2025_batch2,novel_object,False,new_Trial    15DLC_resnet50_NORT-topdownMar1shuffle1_100000,0.9972947784562755,6.274785402339241e-06,98.02892804225976,83.01273759778213,0.8540890926508635,1.150740515947931,138.21238873799095,139.4254878949334,196189.84428055736
patterns2025_batch2,novel_object,False,new_Trial    16DLC_resnet50_NORT-topdownMar1shuffle1_100000,0.9978886619146959,0.0,40.541688224338515,57.58188525789085,1.4414894079520264,0.5753704166673844,137.0437823576573,141.05794748713433,183781.79764828936
patterns2025_batch2,novel_object,False,new_Trial    17DLC_resnet50_NORT-topdownMar1shuffle1_100000,0.9977272743189574,1.8768651347276357e-05,124.50756478746217,97.0319356303748,0.7863046767792536,1.4179395972907154,143.45252093657362,132.62968690594622,200817.75065328006
patterns2025_batch2,novel_object,False,new_Trial    18DLC_resnet50_NORT-topdownMar1shuffle1_100000,0.9975794889981433,0.0,142.6440843455095,109.11318381982528,0.7725187550018728,1.3724603369654407,132.05024087258883,129.73009237662802,195495.65586001825
patterns2025_batch2,novel_object,False,new_Trial    19DLC_resnet50_NORT-topdownMar1shuffle1_100000,0.9973847611279719,0.0,113.95420008415354,101.69915739464791,0.9019176552442592,1.2640988912839288,130.79404615126933,131.8103343017446,198764.1250248991
patterns2025_batch2,novel_object,False,new_Trial    20DLC_resnet50_NORT-topdownMar1shuffle1_100000,0.9972823915062666,0.0,102.32636223489698,87.6779307682822,0.8657312313966656,1.1737245800391596,140.06004013967447,139.14046165459723,202046.26147735975
patterns2025_batch2,novel_object,False,new_Trial    21DLC_resnet50_NORT-topdownMar1shuffle1_100000,0.9974973572465299,0.0,82.02576961680045,86.21308284650549,1.0658788597834026,0.9729059806040815,149.2370006358633,146.77941228114494,192291.84296808022
patterns2025_batch2,novel_object,False,new_Trial    22DLC_resnet50_NORT-topdownMar1shuffle1_100000,0.9973752761858085,0.0,63.46017604718792,74.13320483434728,1.1903569676653811,0.8304378645378979,122.62869301777518,134.06742442755075,194338.90712812106
patterns2025_batch2,novel_object,False,new_Trial    23DLC_resnet50_NORT-topdownMar1shuffle1_100000,0.9977757715801691,0.0,62.789635022976476,70.10789755938481,1.1399030339714855,0.8416717866362013,137.86999394501893,122.44674043036513,194435.64014971585
patterns2025_batch2,novel_object,False,new_Trial    24DLC_resnet50_NORT-topdownMar1shuffle1_100000,0.9982894177546708,0.0,38.3811861342382,55.38045426295265,1.4728911164232243,0.5197991469619748,134.80089200093633,153.0746517032975,167823.46753485574
patterns2025_batch2,novel_object,False,new_Trial    25DLC_resnet50_NORT-topdownMar1shuffle1_100000,0.9960207998253542,1.2533998470852185e-05,98.79370971804157,91.02949592150247,0.9331388446665517,1.1534233517144974,124.5127720981371,127.91313512823746,200704.5169279801
patterns2025_batch2,novel_object,False,new_Trial    26DLC_resnet50_NORT-topdownMar1shuffle1_100000,0.9970690605896259,3.748828491096533e-05,54.39649342973212,69.91640731985257,1.3029597213496136,0.7201389912763222,136.58750261257595,130.37542134976346,191118.8526837189
patterns2025_batch2,novel_object,False,new_Trial    27DLC_resnet50_NORT-topdownMar1shuffle1_100000,0.9982883626250938,0.0,127.95254345124448,106.73566749874077,0.843382119804151,1.377408166894471,144.42511830075196,142.25752034362452,203468.99148192714
patterns2025_batch2,novel_object,False,new_Trial    28DLC_resnet50_NORT-topdownMar1shuffle1_100000,0.9979803255065332,1.8767359807822234e-05,113.23377551851408,90.15636625781188,0.8053788397746849,1.321228240403816,138.006545395291,138.75461268997697,201182.88598979413
patterns2025_batch2,novel_object,False,new_Trial    29DLC_resnet50_NORT-topdownMar1shuffle1_100000,0.9983505905808067,0.0,83.88958041797798,78.25127459808968,0.9505172165970535,1.0722909306141497,135.84208421178047,129.1055424230218,200557.681405853
patterns2025_batch2,novel_object,False,new_Trial    30DLC_resnet50_NORT-topdownMar1shuffle1_100000,0.9982411589645431,0.0,115.4627086526923,90.40438327304007,0.7930483430116803,1.359725444572132,146.10524246973026,139.92932866617363,202279.60498386237
patterns2025_batch2,novel_object,False,new_Trial    31DLC_resnet50_NORT-topdownMar1shuffle1_100000,0.9985797400090101,0.0,95.3174800985423,77.34015367569863,0.8237886224578257,1.2582721141933808,142.78981977544302,133.97950049578054,204314.79498565348
patterns2025_batch2,novel_object,False,new_Trial    32DLC_resnet50_NORT-topdownMar1shuffle1_100000,0.9982607414458745,0.0,128.74010380385872,97.85241459719595,0.7701087345958597,1.4710030248801864,132.22914441040157,130.59569229782667,209870.74605506638
patterns2025_batch2,novel_object,False,new_Trial    33DLC_resnet50_NORT-topdownMar1shuffle1_100000,0.9981982263421778,0.0,131.1391395822982,106.21126149720799,0.817207524083522,1.411419411286332,141.8067100899815,139.26395609062334,206300.2051474532
patterns2025_batch2,novel_object,False,new_Trial    34DLC_resnet50_NORT-topdownMar1shuffle1_100000,0.9982725960962874,0.0,141.85274561822987,107.54520079242171,0.7655604488160144,1.4240345899764089,133.21898031764042,137.60490949152043,199208.3592077354
sturman_epm,elevated_plus_maze,False,EPM_10DeepCut_resnet50_epmMay17shuffle1_1030000,0.959675419435498,0.026323607427055702,41.32039520539294,107.85930055225919,2.139865241613717,2.1056037128604883,41.885281259095315,95.41219991461858,269754.79838976724
sturman_epm,elevated_plus_maze,False,EPM_11DeepCut_resnet50_epmMay17shuffle1_1030000,0.9543110078149399,0.029498540726983283,48.60135246175275,120.62525380330435,2.512130010083835,2.4610367403959335,62.049179326787026,76.77509306437888,278479.03513310244
sturman_epm,elevated_plus_maze,False,EPM_12DeepCut_resnet50_epmMay17shuffle1_1030000,0.9123515212056332,0.060445810914681014,55.16424890138975,311.18756433936136,4.925640287218086,2.8358812248676055,54.56425447842701,95.78807389993152,470305.26108732977
sturman_epm,elevated_plus_maze,False,EPM_13DeepCut_resnet50_epmMay17shuffle1_1030000,0.9120731825697155,0.05354622714396085,45.93524006058571,193.22442893316557,3.5365216401612,2.332780028252399,53.23121335772941,69.23889355381125,439581.88906790694
sturman_epm,elevated_plus_maze,False,EPM_14DeepCut_resnet50_epmMay17shuffle1_1030000,0.9494784166950445,0.03401856763925729,38.79258571546395,109.4140676333579,2.341327031073324,1.9486739931574206,26.73529308398806,78.16503952587412,224129.60494775808
sturman_epm,elevated_plus_maze,False,EPM_15DeepCut_resnet50_epmMay17shuffle1_1030000,0.8642593952573511,0.10390852390852391,220.64015715061956,948.4210382786212,3.353091447207137,12.30080185700696,119.45834871292584,91.13316106462602,230944.59597225665
sturman_epm,elevated_plus_maze,False,EPM_16DeepCut_resnet50_epmMay17shuffle1_1030000,0.9488481886211377,0.03283819628647215,51.89484784887329,161.77525463409484,2.280988389479103,2.8041649473888084,62.21034337146546,84.00479101207326,270167.86751113134
sturman_epm,elevated_plus_maze,False,EPM_17DeepCut_resnet50_epmMay17shuffle1_1030000,0.9389219169372267,0.03658732212160414,73.84705988462446,419.7227204870422,4.052712100122488,4.0801048892316745,45.57258720533846,98.25712562710856,383384.8561820838
sturman_epm,elevated_plus_maze,False,EPM_18DeepCut_resnet50_epmMay17shuffle1_1030000,0.9300619314638869,0.05399560780260949,50.88853364603535,257.35989041966627,3.877225372014662,2.6438633109570047,58.36793508047662,96.75763052410419,470176.3434103549
sturman_epm,elevated_plus_maze,False,EPM_19DeepCut_resnet50_epmMay17shuffle1_1030000,0.9407911712736161,0.04517950683531366,61.005946349031944,294.7778397701517,3.7473986088212485,3.1418262657500393,59.70110617254796,80.37130196859326,463867.81096985296
sturman_epm,elevated_plus_maze,False,EPM_1DeepCut_resnet50_epmMay17shuffle1_1030000,0.9654041346292889,0.029101796407185628,30.56676628036839,162.61421851368073,3.8507175265293734,1.5035690175603404,47.0240537418312,64.21895208219105,300070.9148814986
sturman_epm,elevated_plus_maze,False,EPM_20DeepCut_resnet50_epmMay17shuffle1_1030000,0.9317033688551285,0.04999205929062996,48.299920012212255,268.50980196127296,4.243936867970428,2.5725504992881087,37.65543210131825,87.34831471726844,366366.5012496747
sturman_epm,elevated_plus_maze,False,EPM_21DeepCut_resnet50_epmMay17shuffle1_1030000,0.9494398080971075,0.03485833116714323,57.50824738046369,233.22087465510805,3.2651853047557187,3.1090669878317687,51.901283430492505,91.78246308714962,445574.7931016191
sturman_epm,elevated_plus_maze,False,EPM_22DeepCut_resnet50_epmMay17shuffle1_1030000,0.9400206538918024,0.044554684487855024,60.043247158634415,237.58787128517434,3.179334339674665,3.0834241559476787,79.92183838812053,74.42027322984555,454101.2035720627
sturman_epm,elevated_plus_maze,False,EPM_23DeepCut_resnet50_epmMay17shuffle1_1030000,0.9325344334463356,0.05358140684880702,49.59224874702931,231.68459810388975,3.515563573525246,2.4762498916377833,71.82589461218285,91.01202677983765,486027.82829375734
sturman_epm,elevated_plus_maze,False,EPM_24DeepCut_resnet50_epmMay17shuffle1_1030000,0.9532567853577024,0.033153687467766896,77.93769856933731,304.1125359478889,3.232720984833478,4.213182857332607,73.6247204633913,76.47368943799533,446105.91205593175
sturman_epm,elevated_plus_maze,False,EPM_2DeepCut_resnet50_epmMay17shuffle1_1030000,0.9390298904983426,0.049477314937649244,40.99739880991619,193.72863724341983,3.6549753330852557,2.071131364633145,58.1728543563162,70.2939156622188,314436.2422926318
sturman_epm,elevated_plus_maze,False,EPM_3DeepCut_resnet50_epmMay17shuffle1_1030000,0.9693229610433564,0.02302883388619546,25.686075409380418,278.3795991680131,7.9502807209935575,1.3725411867346302,48.96083630713412,69.77849682231104,259435.5433363031
sturman_epm,elevated_plus_maze,False,EPM_4DeepCut_resnet50_epmMay17shuffle1_1030000,0.9502212605594756,0.04109645720196535,43.31250199390161,136.31281524014315,2.6082779138006695,2.1637189295588652,49.96390024869869,80.34779776064055,422049.0197512225
sturman_epm,elevated_plus_maze,False,EPM_5DeepCut_resnet50_epmMay17shuffle1_1030000,0.9444081494524322,0.04631836945304437,37.048802986655836,196.29975328952708,4.4383832362063815,1.910207502429861,40.05179017869532,103.56899899579874,330210.9012942698
sturman_epm,elevated_plus_maze,False,EPM_6DeepCut_resnet50_epmMay17shuffle1_1030000,0.947856631803715,0.0371690103475723,41.57758356472403,153.80661288577048,2.8372222830557865,2.138871337641466,60.02068683329477,43.311217098284295,386792.4747713217
sturman_epm,elevated_plus_maze,False,EPM_7DeepCut_resnet50_epmMay17shuffle1_1030000,0.9599534449063821,0.030659212066051225,45.386635520397434,197.70767892104442,3.417772436448957,2.292026170084025,42.527905769295586,107.61313017774859,444648.84484853566
sturman_epm,elevated_plus_maze,False,EPM_8DeepCut_resnet50_epmMay17shuffle1_1030000,0.9475938096917667,0.037036349164234546,35.5374713373833,91.15412888329702,2.1048842704375583,1.76097215936868,23.104714211934798,98.77051172353394,180754.37597172457
sturman_epm,elevated_plus_maze,False,EPM_9DeepCut_resnet50_epmMay17shuffle1_1030000,0.9322655301025954,0.05147921448610048,54.64501555507127,213.5429471556355,3.150953267002044,2.765796014765523,82.66588175538189,66.98097589025919,451246.1822010077
sturman_fst,forced_swim_test,False,FST_10_cropDeepCut_resnet50_FST1Aug15shuffle1_1030000,0.9764580206866768,0.023249659761076666,107.24021349163573,73.38019382000415,0.6646948622544839,1.884933962771837,35.7436550955136,32.921589240733844,22224.44846486666
sturman_fst,forced_swim_test,False,FST_11_cropDeepCut_resnet50_FST1Aug15shuffle1_1030000,0.9719415902469732,0.027206665413769343,64.86348069626372,80.02364486275145,1.1522046490297608,1.4016715212586692,34.86433897606961,27.341888403849993,27980.967101038983
sturman_fst,forced_swim_test,False,FST_12_cropDeepCut_resnet50_FST1Aug15shuffle1_1030000,0.9769817147628547,0.022794433359432223,52.308784382948176,67.54280020631849,1.2133234316489845,1.1108441060699292,32.54726259352202,29.954625249135255,32939.75792477277
sturman_fst,forced_swim_test,False,FST_13_cropDeepCut_resnet50_FST1Aug15shuffle1_1030000,0.9834387920994186,0.016475681181563534,68.93961171023435,71.01268435546939,0.9605368049836862,1.4037197242999848,31.805865079966846,31.5255235199767,26834.872620576236
sturman_fst,forced_swim_test,False,FST_14_cropDeepCut_resnet50_FST1Aug15shuffle1_1030000,0.9773287665722185,0.022503427318731166,66.39270077141984,65.63079877540734,0.941027914432452,1.367095408388975,32.366285481908,29.991243427294624,20127.842785893405
sturman_fst,forced_swim_test,False,FST_15_cropDeepCut_resnet50_FST1Aug15shuffle1_1030000,0.9752297976907522,0.024524993243370645,74.7005918919434,78.1568284525865,0.9598401210273335,1.6138279957782107,34.43145837005508,29.533811643726317,30037.056053883713
sturman_fst,forced_swim_test,False,FST_16_cropDeepCut_resnet50_FST1Aug15shuffle1_1030000,0.9739784467853949,0.025872123846887925,56.91910767317028,62.79640499218946,1.0398581907766038,1.1983061008155167,32.85410681044258,32.45490490099343,31433.11943130757
sturman_fst,forced_swim_test,False,FST_17_cropDeepCut_resnet50_FST1Aug15shuffle1_1030000,0.9954131979381771,0.0038454804256616106,67.58590224897607,67.71029516555757,0.9173812769345386,1.41992384012519,28.52894407946644,29.702109234102863,17028.858571612076
sturman_fst,forced_swim_test,False,FST_18_cropDeepCut_resnet50_FST1Aug15shuffle1_1030000,0.9786572266130075,0.020538448934319817,56.218897819736014,61.63699235007179,1.0258642441780137,1.2269956659265018,29.223966852831463,30.83603850316772,28140.6540884098
sturman_fst,forced_swim_test,False,FST_19_cropDeepCut_resnet50_FST1Aug15shuffle1_1030000,0.9719468834997942,0.027612707487086906,68.67778315343507,77.09344223094246,1.0147859592620154,1.3820188296202107,37.534080717523125,36.21797559506337,40053.623464066
sturman_fst,forced_swim_test,False,FST_1_cropDeepCut_resnet50_FST1Aug15shuffle1_1030000,0.9777773993075669,0.022012558889397713,75.61094982940102,80.44808550667005,0.9964043143627611,1.4651445745356855,34.53966568873322,34.0809661608561,39138.629734019785
sturman_fst,forced_swim_test,False,FST_20_cropDeepCut_resnet50_FST1Aug15shuffle1_1030000,0.9693372396378057,0.030489324065077116,84.79866109755493,66.6926828364799,0.7739776446294696,1.5462740531915695,35.18983785207938,35.98635338310538,28244.739383157525
sturman_fst,forced_swim_test,False,FST_21_cropDeepCut_resnet50_FST1Aug15shuffle1_1030000,0.9775836627390196,0.02207544660667583,64.81760169975173,76.45096547169302,1.1007689022450726,1.3804941924667968,29.791059339236,29.22084166293717,27313.701832560942
sturman_fst,forced_swim_test,False,FST_22_cropDeepCut_resnet50_FST1Aug15shuffle1_1030000,0.9757156403422603,0.023733489541013966,62.721985364192186,70.9707795645924,1.0561640446221106,1.3466137015467303,27.290313032224613,29.937697536681604,27070.388481496357
sturman_fst,forced_swim_test,False,FST_23_cropDeepCut_resnet50_FST1Aug15shuffle1_1030000,0.9686041833184841,0.031052579828421134,71.6236571715246,74.43240408860815,0.9759856123604304,1.485229359939732,31.69973268867007,33.69835969488624,29157.143106726027
sturman_fst,forced_swim_test,False,FST_24_cropDeepCut_resnet50_FST1Aug15shuffle1_1030000,0.9794197414886843,0.02029839399410814,78.69902980965715,91.14241415757822,1.0656516341918263,1.7209338542685004,32.58455809903504,31.386415111183304,34968.01040990831
sturman_fst,forced_swim_test,False,FST_25_cropDeepCut_resnet50_FST1Aug15shuffle1_1030000,0.9827596056536021,0.017023700281618835,69.57634762057022,76.46731179551111,1.0341773946944157,1.4809591865814615,34.3231237986042,30.06837364676309,27996.538329832954
sturman_fst,forced_swim_test,False,FST_26_cropDeepCut_resnet50_FST1Aug15shuffle1_1030000,0.9713869513148059,0.02831732970403216,67.9310939309712,68.57459345766226,0.9142161584552441,1.4222069040576821,30.93870536193547,30.196449027614175,23462.65036365822
sturman_fst,forced_swim_test,False,FST_27_cropDeepCut_resnet50_FST1Aug15shuffle1_1030000,0.9931331445284312,0.006333970714034117,60.44756859518939,60.697270554724085,0.9686517571935729,1.222320742484262,27.894076478925907,29.038964187964567,17303.607998403426
sturman_fst,forced_swim_test,False,FST_28_cropDeepCut_resnet50_FST1Aug15shuffle1_1030000,0.9701791699062504,0.02902187173779069,94.53170622223554,102.50114552936192,0.987907934494403,1.878417370325761,35.49720582015919,30.67315087844546,30832.662078394937
sturman_fst,forced_swim_test,False,FST_29_cropDeepCut_resnet50_FST1Aug15shuffle1_1030000,0.9838355600363019,0.015901689395481377,67.57496192797075,67.08407800398525,0.9626566293982848,1.444751809976128,32.12824970035439,31.46110139071988,30837.389232734997
sturman_fst,forced_swim_test,False,FST_2_cropDeepCut_resnet50_FST1Aug15shuffle1_1030000,0.9452920181693737,0.054386762432948446,53.63281159941577,59.54101895789924,1.061709721340122,1.1243224104135425,39.50961546473263,31.510561209964642,29106.89622447823
sturman_fst,forced_swim_test,False,FST_3_cropDeepCut_resnet50_FST1Aug15shuffle1_1030000,0.9774585780274078,0.021959438141272384,54.987331393179105,70.37964649298334,1.1777758708734476,1.203091413416203,31.877669300332947,27.000017791187922,27533.972320440636
sturman_fst,forced_swim_test,False,FST_4_cropDeepCut_resnet50_FST1Aug15shuffle1_1030000,0.9757880062716661,0.023766700114226574,74.25404666385224,70.08851483622703,0.8905554091435893,1.412606044216182,30.691804414531642,28.548812658985092,25886.838510788104
sturman_fst,forced_swim_test,False,FST_5_cropDeepCut_resnet50_FST1Aug15shuffle1_1030000,0.9778185770991825,0.02203116603976357,68.64219494826457,76.83857097792091,1.069744202660404,1.5137652964354147,34.072289391043306,32.15100183000687,36657.013288793976
sturman_fst,forced_swim_test,False,FST_6_cropDeepCut_resnet50_FST1Aug15shuffle1_1030000,0.9568615831878022,0.042999871202782015,59.21313861742391,71.54207984977839,1.1223159889219494,1.2071338356509838,38.899689126023056,30.729878811500257,27094.367882663515
sturman_fst,forced_swim_test,False,FST_7_cropDeepCut_resnet50_FST1Aug15shuffle1_1030000,0.9806214069851912,0.01893200192614745,64.00212497537939,80.31622985694997,1.1352707697865791,1.3698465911133682,29.753413926683557,26.490631439689803,31566.613885757484
sturman_fst,forced_swim_test,False,FST_8_cropDeepCut_resnet50_FST1Aug15shuffle1_1030000,0.9815796601820662,0.01824944934270244,52.36725864500214,74.04518474824785,1.279387957831019,1.1253049711383407,33.39623548057319,27.43472809727829,26368.906971071312
sturman_fst,forced_swim_test,False,FST_9_cropDeepCut_resnet50_FST1Aug15shuffle1_1030000,0.9775717708164926,0.022272558063233874,74.22401353057539,80.25704242497348,1.0215987938209299,1.4826631086201232,30.047551190664763,29.46880956718542,22173.266084725954
sturman_oft,open_field,False,10_01_A_190507141248DeepCut_resnet50_Blockcourse1May9shuffle1_1030000,0.9755709634998829,0.021946432610297606,57.73406947908266,172.1428785784287,2.5674344901832975,1.2371073222895952,88.84403620502319,68.35573398810838,208935.5972894753
sturman_oft,open_field,False,11_01_A_190507142850DeepCut_resnet50_Blockcourse1May9shuffle1_1030000,0.979439879460089,0.01827307919427859,60.271897767078435,177.3064398502508,3.0913135773769578,1.2679603642498753,89.3387366132887,68.80554021912582,230916.96732033085
sturman_oft,open_field,False,12_01_A_190507144429DeepCut_resnet50_Blockcourse1May9shuffle1_1030000,0.9794912152978106,0.0182281415387307,57.27017529312718,160.4636224044131,2.547757010977529,1.1751864978005346,100.33368879652159,74.90422508662681,191458.06716218995
sturman_oft,open_field,False,13_01_A_190507145949DeepCut_resnet50_Blockcourse1May9shuffle1_1030000,0.9810834099228047,0.016546448087431696,67.92128086339942,175.17879258898878,2.2637183543299724,1.3550845262199482,94.84736550446183,74.40783687640219,195836.9120954842
sturman_oft,open_field,False,14_01_A_190507151530DeepCut_resnet50_Blockcourse1May9shuffle1_1030000,0.9817079609877452,0.016272157017026206,50.13096193534243,147.96092264942118,2.603556774644935,1.0749267924701895,90.04087683427613,71.6390794144854,189726.63961295737
sturman_oft,open_field,False,15_01_A_190507153142DeepCut_resnet50_Blockcourse1May9shuffle1_1030000,0.9802276955135771,0.017604683888560783,55.26317182869202,146.8188732529349,2.3092886303811433,1.1195017576277033,96.31369616597665,76.62021769134999,198153.75275559703
sturman_oft,open_field,False,16_02_A_190507114646DeepCut_resnet50_Blockcourse1May9shuffle1_1030000,0.9823109812502001,0.015475409836065573,61.95810034927823,207.72578376260836,2.9157560058544933,1.3209479120371,89.63178161850286,74.72517408934252,222334.90340828442
sturman_oft,open_field,False,17_02_A_190507120259DeepCut_resnet50_Blockcourse1May9shuffle1_1030000,0.9842914384490674,0.013899822152249337,96.347054498619,269.9812454570044,2.5292997745403554,3.0480368017009685,88.34238951900045,73.60170289737646,226492.5430179361
sturman_oft,open_field,False,18_02_A_190507122004DeepCut_resnet50_Blockcourse1May9shuffle1_1030000,0.9750246231951287,0.0222069096265185,66.01959770276594,190.5324469495966,2.5001643311031945,1.3570664107957344,90.15091023780562,74.00670691143061,230994.9285042929
sturman_oft,open_field,False,19_02_A_190507123740DeepCut_resnet50_Blockcourse1May9shuffle1_1030000,0.9763023008747541,0.021237435033931787,66.88960580411867,182.23149576286767,2.385662960016308,1.3755276070339386,91.754536862673,73.41718667673112,205794.2080814793
sturman_oft,open_field,False,1_01_A_190507114629DeepCut_resnet50_Blockcourse1May9shuffle1_1030000,0.9774114516333056,0.020133053221288517,54.4268994797321,153.24344901799896,2.4097336104055516,1.1291872138316807,96.60029049108817,74.1993246815377,189334.7085842533
sturman_oft,open_field,False,20_02_A_190507125529DeepCut_resnet50_Blockcourse1May9shuffle1_1030000,0.9775895287369636,0.01984543981785542,61.09930807757826,193.85331580103457,2.8235572439327203,1.3352789441120134,97.64995762124107,78.34949525600639,217456.90327199368
sturman_oft,open_field,False,21_02_A_190507131119DeepCut_resnet50_Blockcourse1May9shuffle1_1030000,0.9816314842139927,0.016099624402873502,63.72279629025289,159.73619060968608,2.252981980893716,1.2988743345245632,85.00386555364874,69.9990563230173,197994.34737059774
sturman_oft,open_field,False,22_02_A_190507134157DeepCut_resnet50_Blockcourse1May9shuffle1_1030000,0.9753623565975614,0.021500437445319334,103.86281035709983,275.3459767511225,2.3837938885271783,3.2011927739065515,98.20548860471268,79.60702366464834,220709.23055010496
sturman_oft,open_field,False,23_02_A_190507135734DeepCut_resnet50_Blockcourse1May9shuffle1_1030000,0.9766521709718459,0.01997855532943828,77.23690787258936,255.80397974391087,3.11217380551124,2.433438798398477,105.57517869497826,80.96366938066075,218601.62349802157
sturman_oft,open_field,False,24_02_A_190507141305DeepCut_resnet50_Blockcourse1May9shuffle1_1030000,0.9784367932510781,0.019486529226150136,52.721644521002936,168.81900388511247,2.8558329253392793,1.148696646805633,86.21752936185594,64.05970202009033,191841.82732037982
sturman_oft,open_field,False,25_02_A_190507142904DeepCut_resnet50_Blockcourse1May9shuffle1_1030000,0.974751550678308,0.02280828358372149,65.93058183027216,222.30490627905368,3.257994675886839,1.5005839383146886,96.07102019057248,78.0465391787673,246476.72343456425
sturman_oft,open_field,False,26_02_A_190507144444DeepCut_resnet50_Blockcourse1May9shuffle1_1030000,0.9824841275691374,0.01529864619556897,70.26849806615428,185.68667653812452,2.5456924948131183,1.4217533933444304,91.40706307034701,73.0717726157087,219980.9630928516
sturman_oft,open_field,False,27_02_A_190507150003DeepCut_resnet50_Blockcourse1May9shuffle1_1030000,0.9800920635030673,0.01764032824638885,61.870702194321794,228.40972389970628,3.698350846247359,1.3997039799173063,96.06195648466623,77.47295509536053,271291.2203732234
sturman_oft,open_field,False,28_02_A_190507151545DeepCut_resnet50_Blockcourse1May9shuffle1_1030000,0.973752125732755,0.023348643919510064,73.46378519263608,189.17458373568854,2.2056665651334146,1.5408236584206796,98.05555818772767,76.41886226918331,213772.2617950333
sturman_oft,open_field,False,29_02_A_190507153158DeepCut_resnet50_Blockcourse1May9shuffle1_1030000,0.9727029805193204,0.024222411744553054,74.9542397496229,193.8976889142307,2.1044628915777506,1.8736334916165953,95.66380891541829,76.90133707647654,203533.71074837187
sturman_oft,open_field,False,2_01_A_190507120240DeepCut_resnet50_Blockcourse1May9shuffle1_1030000,0.9781048235869483,0.019568136374914256,55.14894544189261,147.20096674933902,2.3258118552856306,1.1207517599294217,95.37266041075395,71.46358905580469,202657.85946616638
sturman_oft,open_field,False,30_03_A_190507114720DeepCut_resnet50_Blockcourse1May9shuffle1_1030000,0.9829198963689374,0.014721219414360208,62.916020865153655,183.48785743440044,2.5962317403844946,1.3153357513575357,88.28121983737057,71.9945338981351,237885.38193056412
sturman_oft,open_field,False,31_03_A_190507120320DeepCut_resnet50_Blockcourse1May9shuffle1_1030000,0.9810930792117305,0.016888071841784664,59.53344125285402,182.40969035757482,2.7168543080927043,1.2425755099318847,95.8602961864244,73.62089591924342,215227.76433819608
sturman_oft,open_field,False,32_03_A_190507122023DeepCut_resnet50_Blockcourse1May9shuffle1_1030000,0.9802650446206225,0.017179610658728073,62.99699987635505,186.11911891755892,2.654172228937032,1.286257774990619,85.50406848455859,68.69258684131502,220882.74601867184
sturman_oft,open_field,False,33_03_A_190507123759DeepCut_resnet50_Blockcourse1May9shuffle1_1030000,0.9838212911765609,0.013870657215367113,57.173876709483466,173.38511187161274,2.7407387721233074,1.2551303222848962,90.80825161418173,74.05754286276893,219715.87667608637
sturman_oft,open_field,False,34_03_A_190507125548DeepCut_resnet50_Blockcourse1May9shuffle1_1030000,0.9796966094795402,0.017241379310344827,60.2458940382292,191.29873784891961,2.935688448966455,1.3430326934057422,94.30845515492389,70.72094287013469,238278.2857399491
sturman_oft,open_field,False,35_03_A_190507131135DeepCut_resnet50_Blockcourse1May9shuffle1_1030000,0.9775558372174208,0.0199681851681589,73.0670137757624,239.16962012129028,2.8322072681856785,1.8665034867217491,97.59061303960463,75.77232138153387,233390.9619859151
sturman_oft,open_field,False,36_03_A_190507132711DeepCut_resnet50_Blockcourse1May9shuffle1_1030000,0.9806635837551109,0.016969233012540098,61.22079828969936,189.13198735957218,2.904607382274044,1.340439776010365,91.17976440004777,69.91102579172654,215223.1580569005
sturman_oft,open_field,False,37_03_A_190507134213DeepCut_resnet50_Blockcourse1May9shuffle1_1030000,0.9806996173330563,0.016876021241830064,66.50484483234027,183.45294624451518,2.489715749900183,1.377490219146546,88.64000045065212,75.06338508328683,212429.65167244512
sturman_oft,open_field,False,38_03_A_190507135747DeepCut_resnet50_Blockcourse1May9shuffle1_1030000,0.978131397895821,0.01948165659749584,66.90581319422466,171.62035280017497,2.2916823240660893,1.2953736348452811,90.61991883601607,74.70114776032585,225575.41863641483
sturman_oft,open_field,False,39_03_A_190507141319DeepCut_resnet50_Blockcourse1May9shuffle1_1030000,0.9782830746789983,0.020064059068589896,60.31116999519624,183.83390854979805,2.7051725556666053,1.2049286778516701,93.63089786766454,68.89921031752505,230392.07043216785
sturman_oft,open_field,False,3_01_A_190507121945DeepCut_resnet50_Blockcourse1May9shuffle1_1030000,0.9792423059105742,0.0184553858257392,59.77223259184537,159.31199022405832,2.497600096437261,1.258811117124175,95.39075352830672,68.43611342938516,203607.7313669729
sturman_oft,open_field,False,40_03_A_190507142917DeepCut_resnet50_Blockcourse1May9shuffle1_1030000,0.9754338933839145,0.02150831674359928,63.05213536064244,165.19663816779018,2.380360018598621,1.276981953624632,88.55886713510833,67.93810282804776,244216.5567226529
sturman_oft,open_field,False,41_03_A_190507144457DeepCut_resnet50_Blockcourse1May9shuffle1_1030000,0.9829159895628129,0.014422060356832979,61.36601562437732,209.52264446733017,3.0029181905775744,1.4656691018678327,99.61966383116116,75.04716583530202,223487.89478737395
sturman_oft,open_field,False,42_03_A_190507150017DeepCut_resnet50_Blockcourse1May9shuffle1_1030000,0.977130197166657,0.020251778872468526,51.93959455044289,168.81350019235202,2.896847902485638,1.1359123947193794,95.92824361847319,72.06760908462238,236319.51352220826
sturman_oft,open_field,False,43_03_A_190507151557DeepCut_resnet50_Blockcourse1May9shuffle1_1030000,0.9763907692606923,0.02075269522622406,61.02756974736131,219.91142130727323,3.1259035980038923,1.3637405924354138,95.86586878648028,70.49005465542191,231819.6466832077
sturman_oft,open_field,False,44_03_A_190507153213DeepCut_resnet50_Blockcourse1May9shuffle1_1030000,0.9778089079944672,0.01967136561305198,65.57523139473399,196.40188572282042,2.6651643741359745,1.4040035539205773,85.64751907808937,67.8724695636395,221165.06846060013
sturman_oft,open_field,False,45_04_A_190507114741DeepCut_resnet50_Blockcourse1May9shuffle1_1030000,0.977435708968841,0.02054234715472073,52.300828965626465,201.07810638576984,3.4170055813335742,1.1535998222773678,90.043920743819,68.43953318371685,237655.03226924952
sturman_oft,open_field,False,46_04_A_190507120344DeepCut_resnet50_Blockcourse1May9shuffle1_1030000,0.9834963317023776,0.01378580550994344,69.02727722711774,203.94163129331207,2.5675982928896635,1.414126207782231,88.10516299155064,71.89555492168023,239960.06393530805
sturman_oft,open_field,False,47_04_A_190507122047DeepCut_resnet50_Blockcourse1May9shuffle1_1030000,0.9830768979883966,0.014510181176847844,60.32611110905001,152.13020726353338,2.248988601395824,1.2288709802653779,87.96884185634612,71.04233651563304,217829.39695970502
sturman_oft,open_field,False,48_04_A_190507123817DeepCut_resnet50_Blockcourse1May9shuffle1_1030000,0.98053668328553,0.016484397783610383,72.17944283248272,205.73931280846668,2.5281234909891963,1.4979127773872745,81.59771137664556,63.510448161338296,272534.6839254734
sturman_oft,open_field,False,49_04_A_190507125609DeepCut_resnet50_Blockcourse1May9shuffle1_1030000,0.9757997647663851,0.021259750589231116,61.14589597852817,222.68350968715185,3.0475726595517414,1.4786387172106399,90.09094274300863,70.6771516308899,219321.19984285784
sturman_oft,open_field,False,4_01_A_190507123718DeepCut_resnet50_Blockcourse1May9shuffle1_1030000,0.9771037264925972,0.020822391456582635,61.76821988356593,182.2454170463983,2.3418603150653796,1.4649750301076667,95.17555022164854,72.21462526847444,181408.69554971822
sturman_oft,open_field,False,50_04_A_190507131154DeepCut_resnet50_Blockcourse1May9shuffle1_1030000,0.9822026626835356,0.01550854448167371,70.74460196101424,212.5253620822547,2.681348246012539,1.4444252321619975,96.5604892581008,71.98631597818606,233453.00617510753
sturman_oft,open_field,False,51_04_A_190507132728DeepCut_resnet50_Blockcourse1May9shuffle1_1030000,0.9790507385072692,0.018366647713190163,61.65769517770199,210.19480157712536,2.9028391278294308,1.364734144357264,97.0135132604021,76.33612782539356,231175.9720904088
sturman_oft,open_field,False,52_04_A_190507134227DeepCut_resnet50_Blockcourse1May9shuffle1_1030000,0.9827529310707371,0.015002005615724028,71.92287552303353,181.7054476806316,2.2289740674343013,1.4294402540287283,80.6375575825744,66.79722413637415,235119.79599804297
sturman_oft,open_field,False,53_04_A_190507135800DeepCut_resnet50_Blockcourse1May9shuffle1_1030000,0.975724593156974,0.021851049710864635,52.29742664579775,184.17891566202687,3.1049358579526336,1.157130235154459,89.61699311892866,72.29159225289423,229048.6570630097
sturman_oft,open_field,False,54_04_A_190507141337DeepCut_resnet50_Blockcourse1May9shuffle1_1030000,0.9819751827314703,0.015497689740113983,67.31391988363481,197.67258226759446,2.7381684186005644,1.4186149703300355,89.36685036174175,71.60871312332391,227328.5061539872
sturman_oft,open_field,False,55_04_A_190507142930DeepCut_resnet50_Blockcourse1May9shuffle1_1030000,0.9762412945202252,0.02142695736476488,61.06488717192672,187.59352132986868,2.6831139586533608,1.3539054045142231,90.34143521790804,77.65293498238114,230860.45007144465
sturman_oft,open_field,False,56_04_A_190507144511DeepCut_resnet50_Blockcourse1May9shuffle1_1030000,0.9786819934929348,0.019435505644213858,87.4672966478682,223.600513493441,2.21149910473862,2.239139982275079,89.65287483581375,69.06275166441014,224227.00594646053
sturman_oft,open_field,False,57_04_A_190507150030DeepCut_resnet50_Blockcourse1May9shuffle1_1030000,0.9796674440784171,0.0182242070007224,55.81559451316172,177.76981177180758,2.8540130951757803,1.2498615606875687,86.61507416443021,71.97957928961324,229814.8823339307
sturman_oft,open_field,False,58_04_A_190507151611DeepCut_resnet50_Blockcourse1May9shuffle1_1030000,0.9784576361415659,0.019590028751988557,63.47229204820539,166.8456956914335,2.3533782575689064,1.2438428346256094,85.37616317822955,70.18021674237929,229410.20636471699
sturman_oft,open_field,False,59_04_A_190507153228DeepCut_resnet50_Blockcourse1May9shuffle1_1030000,0.9774798523684891,0.020165878851540614,56.106788695114034,173.98192454566288,2.7573789903192916,1.209224759594135,90.31219664739491,73.76432786420618,223616.74657385636
sturman_oft,open_field,False,5_01_A_190507125512DeepCut_resnet50_Blockcourse1May9shuffle1_1030000,0.9779876415797167,0.020085021364716862,58.141616417731434,126.40183556683638,1.932638103411275,1.1238394096309254,88.85040607567448,73.2305063999057,191523.11822706668
sturman_oft,open_field,False,6_01_A_190507131058DeepCut_resnet50_Blockcourse1May9shuffle1_1030000,0.9725041586848224,0.025486808243845183,48.213916777009594,148.70130669080487,2.7395018996513234,1.01577325571751,90.89078314628138,67.48223472437554,197678.49129699572
sturman_oft,open_field,False,7_01_A_190507132652DeepCut_resnet50_Blockcourse1May9shuffle1_1030000,0.9772609662335157,0.020861588718262825,59.12093013126704,143.6722117382625,2.196811162628524,1.1329553388410534,82.54108789308664,66.27318387113813,209318.69039150962
sturman_oft,open_field,False,8_01_A_190507134142DeepCut_resnet50_Blockcourse1May9shuffle1_1030000,0.9799493116944775,0.017708082730062916,56.28380903728262,181.1301424759221,2.843645057439143,1.2315280605343655,88.5941711182293,71.77956806621418,208611.53653339835
sturman_oft,open_field,False,9_01_A_190507135719DeepCut_resnet50_Blockcourse1May9shuffle1_1030000,0.9833338209315181,0.014215954229073284,63.30575947026715,138.742213116025,1.8700629765530448,1.3008209368877093,85.02145714451729,70.1676542922818,187779.2388346567
